different	uav_ros2_project/deploy/systemd/README.md
different	uav_ros2_project/deploy/systemd/uav-bringup.service
nx163_only	uav_ros2_project/docs/DYNAMIC_R_FULL_MISSION_UPDATE.md
nx163_only	uav_ros2_project/docs/RELEASE_POINT_MODE.md
nx163_only	uav_ros2_project/MODIFICATION_REPORT_DYNAMIC_RC.md
different	uav_ros2_project/README.md
nx163_only	uav_ros2_project/README_CHANGE.txt
different	uav_ros2_project/scripts/MANUAL_TARGET.md
different	uav_ros2_project/scripts/SERVO_OPEN_TEST.md
different	uav_ros2_project/scripts/servo_test_control.sh
different	uav_ros2_project/scripts/start_servo_open_test.sh
different	uav_ros2_project/scripts/test_manual_target_sender.py
nx164_only	uav_ros2_project/src/uav_recon/config/calibration/camera_calibration_2_20260917.txt
different	uav_ros2_project/src/uav_recon/config/calibration/hikvision_mv_cb016_10uc_c_6mm_1440x1080.json
nx163_only	uav_ros2_project/src/uav_recon/config/calibration/plane1_added_2_20260923.json
nx163_only	uav_ros2_project/src/uav_recon/config/calibration/plane1_added_2_20260923.txt
nx163_only	uav_ros2_project/src/uav_recon/config/calibration/plane1_added_20260921.json
nx163_only	uav_ros2_project/src/uav_recon/config/calibration/plane1_added_20260921.txt
different	uav_ros2_project/src/uav_recon/config/recon.yaml
different	uav_ros2_project/src/uav_recon/README.md
different	youth-vision-runtime/configs/youth_pipeline.yaml
different	youth-vision-runtime/configs/youth_pipeline_0721.yaml
different	youth-vision-runtime/configs/youth_pipeline_multicrop_0809.yaml
different	youth-vision-runtime/configs/youth_pipeline_multicrop_test.yaml
different	youth-vision-runtime/configs/youth_pipeline_nms_fast_0809.yaml
different	youth-vision-runtime/configs/youth_pipeline_pose.yaml
different	youth-vision-runtime/configs/youth_pipeline_pose_orin_0809.yaml
different	youth-vision-runtime/configs/youth_pipeline_webfast_0809.yaml
different	youth-vision-runtime/core_runtime_files.txt
different	youth-vision-runtime/geo_bridge/CHANGELOG.md
different	youth-vision-runtime/geo_bridge/config/geo_bridge.yaml
different	youth-vision-runtime/geo_bridge/geo_bridge/node.py
different	youth-vision-runtime/geo_bridge/scripts/run_geo_bridge.sh
different	youth-vision-runtime/geo_bridge/scripts/start_geo_overlay_test.sh
different	youth-vision-runtime/geo_bridge/scripts/test_geo_overlay_record.py
different	youth-vision-runtime/GEO_FRAME_SIDECAR.md
nx163_only	youth-vision-runtime/native/build_highrate/youth_vision_runner
nx163_only	youth-vision-runtime/native/build_highrate2/youth_vision_runner
nx163_only	youth-vision-runtime/native/build_new/youth_vision_runner
nx163_only	youth-vision-runtime/native/build_recording_20260824/youth_vision_runner_recording_20260824
nx164_only	youth-vision-runtime/native/nx164_setup_camport.sh
different	youth-vision-runtime/native/youth_vision_runner.cpp
different	youth-vision-runtime/run_youth_vision.sh
different	youth-vision-runtime/scripts/build_arrow_pose_0721_engine.sh
different	youth-vision-runtime/scripts/build_youth_engines.sh
different	youth-vision-runtime/scripts/build_youth_engines_pose.sh
different	youth-vision-runtime/scripts/competition_selected.sh
different	youth-vision-runtime/scripts/competition_selected_static.sh
different	youth-vision-runtime/scripts/pack_core_runtime.sh
different	youth-vision-runtime/scripts/recon_results_dashboard.py
different	youth-vision-runtime/scripts/run_youth_vision.sh
different	youth-vision-runtime/scripts/show_latest_recon_results.py
different	youth-vision-runtime/scripts/start_camera_recording_300s.sh
different	youth-vision-runtime/scripts/start_recon_pipeline_with_recording.sh
different	youth-vision-runtime/scripts/start_recon_results_dashboard.sh
different	youth-vision-runtime/scripts/start_recon_web.sh
different	youth-vision-runtime/scripts/start_youth_geo_pipeline.sh
different	youth-vision-runtime/scripts/start_youth_pipeline.sh
different	youth-vision-runtime/scripts/start_youth_pipeline_headless.sh
different	youth-vision-runtime/scripts/status_youth_pipeline.sh
different	youth-vision-runtime/scripts/stop_camera_recording.sh
different	youth-vision-runtime/scripts/stop_recon_results_dashboard.sh
different	youth-vision-runtime/scripts/stop_youth_pipeline.sh
different	youth-vision-runtime/scripts/test_camera_geo_sidecar.sh
different	youth-vision-runtime/scripts/view_recognition_log.sh
different	youth-vision-runtime/TEST_CAMERA_GEO_SIDECAR.md
